z,residual
1.219999999999999947e-03,3.297476726095652233e-01
1.219999999999999947e-03,3.672203457918620240e-01
2.560000000000000209e-03,7.835519988211382403e-01
2.560000000000000209e-03,7.942116871426392333e-01
2.929999999999999879e-03,2.129237917545320435e+00
2.929999999999999879e-03,2.179722932870178376e+00
2.990000000000000036e-03,3.717185602612358419e-01
3.500000000000000073e-03,5.918085722395516682e-03
3.569999999999999823e-03,1.128618887310839813e+00
3.660000000000000059e-03,1.970110307059924626e-01
3.690000000000000138e-03,1.605210323483248880e+00
3.690000000000000138e-03,1.082750709443334403e+00
4.349999999999999700e-03,2.704204753896435887e-01
4.349999999999999700e-03,2.366682165548204542e-01
4.579999999999999870e-03,5.335708763558199008e-01
4.599999999999999922e-03,-2.481642911789270489e-01
4.599999999999999922e-03,-5.664254043470575706e-01
4.599999999999999922e-03,4.715129558059852344e-01
4.599999999999999922e-03,-3.965768115248030634e-01
4.599999999999999922e-03,-8.216534191998209335e-02
4.599999999999999922e-03,6.567672322960017572e-01
4.619999999999999975e-03,5.466875668916014730e-01
4.649999999999999620e-03,1.178951775431113402e+00
4.649999999999999620e-03,1.482426925880011348e+00
4.780000000000000394e-03,-1.697496097052542563e+00
4.780000000000000394e-03,-1.580474779851298361e+00
4.780000000000000394e-03,-1.847318364725251127e+00
4.780000000000000394e-03,-1.657901137478259290e+00
4.890000000000000249e-03,8.352185221092379708e-01
4.890000000000000249e-03,7.836822037040200861e-01
5.049999999999999802e-03,3.066262630565772529e-01
5.150000000000000064e-03,-4.128768077957598592e-01
5.150000000000000064e-03,-2.294137242886373496e-01
5.400000000000000286e-03,1.314551426735925954e+00
5.479999999999999628e-03,1.310310482467321513e+00
5.499999999999999681e-03,2.151098822590527870e+00
5.499999999999999681e-03,2.041853754152144429e+00
5.510000000000000141e-03,-1.660581396575850022e+00
5.510000000000000141e-03,-1.313458596860370253e+00
5.519999999999999733e-03,5.463654052579901554e-01
5.519999999999999733e-03,5.595284303444153506e-01
5.519999999999999733e-03,4.397477494924666441e-01
5.669999999999999693e-03,1.760852890440486318e+00
5.919999999999999915e-03,1.177042861793543782e+00
5.939999999999999968e-03,-1.715861476250299056e+00
5.960000000000000020e-03,-3.050856425786228204e-02
5.960000000000000020e-03,3.366088951527602124e-01
5.960000000000000020e-03,-1.162177949793766207e-01
6.029999999999999770e-03,1.010408513832186772e+00
6.109999999999999980e-03,9.903091071807269552e-01
6.349999999999999742e-03,-6.898214093294460780e-02
6.349999999999999742e-03,-2.403013308835982020e-01
6.349999999999999742e-03,3.319791086959907045e-02
6.349999999999999742e-03,-1.635875918997446166e-01
6.599999999999999964e-03,-1.312923490364688472e+00
6.599999999999999964e-03,-1.410852995244300079e+00
6.640000000000000069e-03,2.101684996881469925e+00
6.640000000000000069e-03,1.885162420446287790e+00
6.640000000000000069e-03,1.989899798189296076e+00
6.680000000000000174e-03,8.077047152701150035e-01
6.680000000000000174e-03,8.807469147266221432e-01
7.009999999999999738e-03,-1.150284852499841914e+00
7.029999999999999791e-03,2.485413701373162185e-02
7.029999999999999791e-03,6.170287138944444832e-02
7.029999999999999791e-03,3.375791186794998427e-02
7.219999999999999855e-03,-1.022594025797639028e-01
7.219999999999999855e-03,-1.755416885295716378e-01
7.270000000000000420e-03,-5.561831708285076559e-01
7.270000000000000420e-03,-5.701503675641084179e-01
7.270000000000000420e-03,-5.164450500423320989e-01
7.579999999999999932e-03,1.594784612561922277e+00
7.689999999999999787e-03,3.712364577830389867e-01
7.689999999999999787e-03,6.600443386627894427e-01
7.689999999999999787e-03,3.400602813313326478e-01
7.729999999999999892e-03,8.753388530963304159e-01
7.749999999999999944e-03,-6.702288118875436226e-03
7.749999999999999944e-03,3.466518328332240939e-01
7.799999999999999642e-03,-1.580774110121601073e-01
7.879999999999999852e-03,4.046852382019340832e-01
7.960000000000000062e-03,3.069955190217016905e-01
8.009999999999999759e-03,-1.626790835760284493e+00
8.009999999999999759e-03,-6.052302378428914276e-01
8.009999999999999759e-03,5.254334800178744880e-01
8.009999999999999759e-03,2.596014933706520256e-01
8.120000000000000481e-03,-1.571011363132377214e+00
8.120000000000000481e-03,2.511555735358426689e-01
8.370000000000000703e-03,5.178181856847133835e-01
8.410000000000000808e-03,-9.702904834013459379e-01
8.410000000000000808e-03,-9.302060024774250202e-01
8.410000000000000808e-03,-1.088181058298269166e+00
8.529999999999999388e-03,1.772080700041399060e-01
8.529999999999999388e-03,3.947205053087849552e-02
8.609999999999999598e-03,3.080294029841705861e-01
8.670000000000000623e-03,-6.595829758406209775e-01
8.999999999999999320e-03,1.674613211354247122e+00
9.209999999999999437e-03,1.425097914561801238e+00
9.209999999999999437e-03,1.083296913405469075e+00
9.310000000000000567e-03,-1.187893469174333916e+00
9.570000000000000381e-03,-5.092383079240562216e-01
9.570000000000000381e-03,-1.841351658605167863e-01
9.579999999999999974e-03,2.892116016524165500e-01
9.660000000000000184e-03,-3.987932858043488071e-01
9.660000000000000184e-03,-3.829515881545270672e-01
9.660000000000000184e-03,-3.142654835694902449e-01
9.790000000000000091e-03,-3.194340819848393020e-01
9.790000000000000091e-03,-1.973355223932219960e-01
9.799999999999999684e-03,2.726819089538525809e-01
9.929999999999999591e-03,7.326071852643781940e-03
9.929999999999999591e-03,3.041883448044858107e-01
9.979999999999999288e-03,-1.376096988180292302e-01
9.979999999999999288e-03,5.385251907401287230e-01
9.979999999999999288e-03,6.112820083770258428e-01
9.979999999999999288e-03,6.669109818240435139e-01
1.029000000000000054e-02,-2.014477857102135783e+00
1.039999999999999952e-02,1.282437223007070637e+00
1.042000000000000044e-02,-1.124436402875653052e+00
1.042000000000000044e-02,4.334752899226222422e-01
1.047999999999999973e-02,-2.078183847475048307e-01
1.048999999999999932e-02,6.298455109616220016e-01
1.048999999999999932e-02,3.901661925801845898e-01
1.050000000000000065e-02,-1.325772080056136559e+00
1.050000000000000065e-02,-1.227483648683304951e+00
1.050000000000000065e-02,-8.579410210774778278e-01
1.051000000000000024e-02,-9.340743892201269771e-01
1.051000000000000024e-02,-9.708595197266094434e-01
1.095999999999999926e-02,1.561942626012512658e+00
1.095999999999999926e-02,5.351895140477260782e-01
1.095999999999999926e-02,6.543784607206831749e-01
1.141999999999999960e-02,1.449456379023244867e+00
1.167999999999999941e-02,2.525691387782549868e-01
1.188999999999999953e-02,4.375050583857919562e-01
1.220000000000000077e-02,7.946421770888307812e-01
1.220000000000000077e-02,8.313496385638805553e-01
1.221999999999999996e-02,1.877490271040554437e-01
1.221999999999999996e-02,1.651366512597934044e-01
1.238000000000000038e-02,5.399355398863748823e-01
1.238000000000000038e-02,2.984923218246158250e-01
1.243999999999999967e-02,5.359684023602946379e-01
1.247000000000000018e-02,8.746193259802555187e-02
1.247000000000000018e-02,-1.760195717666279414e-01
1.260000000000000009e-02,9.098440394750066940e-01
1.274999999999999918e-02,7.649698268816458313e-01
1.288000000000000082e-02,1.095287416307383133e+00
1.288000000000000082e-02,1.165772501981086728e+00
1.288000000000000082e-02,9.491970654571363353e-01
1.306000000000000043e-02,-1.026457327965299288e-01
1.306000000000000043e-02,-4.928613692916595235e-01
1.308999999999999921e-02,2.688707494455729874e-01
1.308999999999999921e-02,3.122019180917273706e-01
1.314000000000000064e-02,2.960990177521268252e-01
1.333999999999999943e-02,-7.038077990170553688e-01
1.333999999999999943e-02,-9.205498836469813151e-01
1.359999999999999924e-02,1.516807232919021586e-01
1.359999999999999924e-02,5.775995742844241415e-02
1.359999999999999924e-02,7.272485152074356640e-02
1.361000000000000057e-02,-2.384914798652968404e-01
1.386000000000000079e-02,7.236508956817253591e-01
1.386000000000000079e-02,6.485284393055864571e-01
1.400000000000000029e-02,-4.553347877969506075e-02
1.400000000000000029e-02,-5.177129685389352254e-01
1.401999999999999948e-02,1.110305750263705649e-01
1.405999999999999958e-02,-2.883558318321480587e-02
1.406999999999999917e-02,-1.924700641606748031e-01
1.416000000000000071e-02,2.678165125284406312e-01
1.420000000000000082e-02,1.324563549753662306e-01
1.422000000000000000e-02,2.977712997838892761e-01
1.423999999999999919e-02,-4.275008336536827158e-02
1.429000000000000062e-02,-1.863386745148759849e-01
1.434000000000000032e-02,-7.464012157124852997e-01
1.447999999999999982e-02,-3.457101712470212352e-03
1.448999999999999941e-02,7.949375312095462442e-01
1.456999999999999962e-02,-7.093532302589893312e-01
1.472000000000000045e-02,3.048687049134062854e-01
1.482999999999999943e-02,1.269235874083110005e-01
1.482999999999999943e-02,-8.097654625734541922e-02
1.493000000000000056e-02,9.213233355970034122e-01
1.494999999999999975e-02,8.124686068277615636e-01
1.502999999999999996e-02,-5.607504674583964066e-01
1.502999999999999996e-02,-6.501105392935924154e-01
1.503999999999999955e-02,5.395820170933932625e-01
1.506000000000000047e-02,7.359009233926975257e-01
1.506000000000000047e-02,4.533067386882368432e-01
1.508999999999999925e-02,9.537650018968105714e-01
1.508999999999999925e-02,4.914866736830188487e-01
1.508999999999999925e-02,6.771180602871889054e-01
1.508999999999999925e-02,-3.231520495002070947e-01
1.518000000000000078e-02,9.292774669177576996e-01
1.521999999999999915e-02,9.159659515828304233e-02
1.527000000000000059e-02,5.459920193502449948e-01
1.528999999999999977e-02,-7.986381760020457854e-01
1.533999999999999947e-02,8.769341681479987383e-01
1.533999999999999947e-02,7.443266193297075617e-01
1.533999999999999947e-02,-6.884215221765752069e-02
1.533999999999999947e-02,-4.265601627835440834e-01
1.537999999999999957e-02,2.961130073684943229e-02
1.538999999999999917e-02,1.095900716199629255e+00
1.555999999999999918e-02,-2.415011569245526513e-01
1.555999999999999918e-02,-6.848980809489058075e-01
1.566000000000000031e-02,3.156490267682941775e-02
1.569999999999999868e-02,4.159891954390769753e-01
1.572000000000000133e-02,-1.755791379862584045e-01
1.578999999999999848e-02,1.142912626490794503e+00
1.578999999999999848e-02,3.444979573645625126e-01
1.578999999999999848e-02,2.371504521301362467e-01
1.581000000000000114e-02,7.402947843255317517e-01
1.592000000000000012e-02,-1.068353890322281119e+00
1.592000000000000012e-02,-1.010482509644361704e+00
1.594999999999999890e-02,-3.133154569116086696e-01
1.600999999999999993e-02,-5.123841388057440716e-01
1.609999999999999973e-02,-9.828336507444210834e-01
1.609999999999999973e-02,-8.612143328615575744e-01
1.611999999999999891e-02,-3.743805927430994274e-01
1.618999999999999953e-02,-4.843573106304253639e-01
1.618999999999999953e-02,7.971384704068575910e-01
1.628999999999999893e-02,-6.935085483375078574e-01
1.628999999999999893e-02,-2.804174831625662057e-01
1.629999999999999852e-02,-1.035022699727778051e+00
1.632000000000000117e-02,5.163974203634699028e-02
1.633000000000000076e-02,9.306068966420492083e-01
1.635999999999999954e-02,-1.930256729600749732e-01
1.645999999999999894e-02,8.119761124679465425e-01
1.645999999999999894e-02,1.054253318616072521e+00
1.645999999999999894e-02,-1.191795844781677438e+00
1.649000000000000118e-02,-1.215101401719995144e-01
1.649000000000000118e-02,-1.020848948619549890e-01
1.658000000000000099e-02,-5.434219575035680316e-01
1.658000000000000099e-02,3.192255298846735645e-02
1.660999999999999976e-02,1.590608916833232203e-02
1.670999999999999916e-02,9.097733840031462238e-01
1.672999999999999834e-02,-4.506636236249610405e-01
1.677999999999999978e-02,5.456732015238074940e-01
1.679999999999999896e-02,8.209622688386363221e-01
1.679999999999999896e-02,1.259327765113104958e+00
1.694000000000000020e-02,5.622655881819592638e-01
1.696999999999999897e-02,1.671267462751574895e+00
1.709000000000000102e-02,2.028892271701245309e-01
1.709000000000000102e-02,3.952701169962437311e-02
1.718000000000000083e-02,-5.253636986861407454e-01
1.734000000000000125e-02,2.281305572181766550e-01
1.734000000000000125e-02,-1.970985436311032957e-01
1.738999999999999921e-02,-3.647937182532486489e-03
1.738999999999999921e-02,-2.378049473015201587e-01
1.747999999999999901e-02,-2.623317425570514394e-01
1.764999999999999902e-02,-9.389822607418692180e-02
1.773999999999999883e-02,-7.908051711258465288e-02
1.773999999999999883e-02,-1.280717916648660137e-01
1.790999999999999884e-02,-3.992960744436120368e-01
1.790999999999999884e-02,-5.671335750745497561e-01
1.796000000000000027e-02,3.241325818601378805e-01
1.805000000000000007e-02,1.146802713169171151e+00
1.822000000000000008e-02,6.923732011922810736e-01
1.822000000000000008e-02,2.779119193383592923e-01
1.835000000000000173e-02,7.371619091521661726e-01
1.835000000000000173e-02,7.528392391316742760e-01
1.839000000000000010e-02,3.828977949627566935e-02
1.850999999999999868e-02,7.739345160447026473e-01
1.850999999999999868e-02,5.811014937452263496e-01
1.855000000000000052e-02,-2.437874193748739149e-01
1.870000000000000134e-02,2.898945571784182551e+00
1.901999999999999871e-02,4.130705240478108609e-01
1.917999999999999913e-02,2.145582017691242793e+00
1.924999999999999975e-02,-1.036046844933972005e-01
1.924999999999999975e-02,1.942435789483643316e-01
1.925999999999999934e-02,4.242996457710130898e-01
1.925999999999999934e-02,-6.225532708264187171e-02
1.925999999999999934e-02,2.969907900111908861e-01
1.925999999999999934e-02,6.846514012282116646e-01
1.948000000000000079e-02,6.891770865804232038e-01
1.955000000000000140e-02,1.137033976761129717e+00
1.955000000000000140e-02,1.309152258010517045e+00
1.975999999999999979e-02,-3.206201523999376857e-01
1.977999999999999897e-02,5.424340024289558970e-01
1.983000000000000040e-02,1.443517115557330754e+00
1.992000000000000021e-02,2.281187817282073482e-01
1.992999999999999980e-02,3.223644208923483467e-01
2.001000000000000001e-02,4.242037093621018329e-01
2.014000000000000165e-02,-2.137574577896440009e-01
2.017000000000000043e-02,-1.577189700636549008e-01
2.018999999999999961e-02,7.981049175919847638e-01
2.018999999999999961e-02,-1.293119569991020568e-01
2.033000000000000085e-02,-5.623461728241837543e-01
2.033000000000000085e-02,3.287496965584222330e-01
2.038999999999999840e-02,-2.672163055589704128e-01
2.045999999999999902e-02,5.296755680049193282e-01
2.060999999999999985e-02,-1.160834937179983539e+00
2.066000000000000128e-02,-5.504523119032370682e-01
2.066000000000000128e-02,-6.112241022909087329e-01
2.066000000000000128e-02,-9.495376281139515928e-01
2.078999999999999945e-02,-6.105529982711613846e-01
2.086999999999999966e-02,-9.754305192827536497e-02
2.086999999999999966e-02,-2.421215316712619359e-01
2.093000000000000069e-02,-1.614331333518332245e+00
2.103999999999999967e-02,-2.619018124149227744e-01
2.120999999999999969e-02,-3.586362326300606695e-01
2.139999999999999888e-02,2.282301329219982994e-02
2.139999999999999888e-02,8.819038136477407031e-02
2.145999999999999991e-02,1.158703788983048710e+00
2.145999999999999991e-02,1.471846859070716995e+00
2.156999999999999890e-02,8.241734092654263294e-03
2.161000000000000074e-02,1.805245311512440054e-01
2.161000000000000074e-02,1.938201155430996081e-01
2.179000000000000034e-02,-2.235437429235618723e+00
2.180999999999999953e-02,-1.201815098654133995e-01
2.180999999999999953e-02,2.350967467061846825e-02
2.187000000000000055e-02,-2.417743797384971638e-01
2.187000000000000055e-02,-3.688999395559214300e-01
2.187000000000000055e-02,-3.081739550936560268e-01
2.193000000000000158e-02,-5.323410664404343295e-01
2.202000000000000138e-02,3.755114263414141007e-01
2.206999999999999934e-02,-2.287453217979437941e-03
2.208999999999999853e-02,-3.724268267769675345e-01
2.213999999999999996e-02,-2.720450321794589676e-01
2.213999999999999996e-02,2.130387492904164959e-01
2.216999999999999874e-02,-2.155520306888815130e-01
2.220000000000000098e-02,4.433270307047009196e-01
2.222000000000000017e-02,9.529799874090462142e-01
2.223999999999999935e-02,-4.238730700690236386e-01
2.225999999999999854e-02,1.501805819164800382e-01
2.238000000000000059e-02,6.841397171552044965e-01
2.245000000000000120e-02,4.971633851853877184e-01
2.253000000000000141e-02,8.102444801316051048e-01
2.253000000000000141e-02,-5.543346973784171183e-01
2.256999999999999978e-02,3.250324154455287995e-01
2.259999999999999856e-02,4.748904214860032447e-01
2.259999999999999856e-02,4.170952416574634225e-01
2.262000000000000122e-02,3.206587211170099094e-02
2.263000000000000081e-02,-6.597218567405795098e-02
2.280000000000000082e-02,7.208980809507409271e-01
2.280000000000000082e-02,2.285255100882802592e-01
2.287000000000000144e-02,1.027793040289765869e-01
2.291999999999999940e-02,5.103937140541924267e-01
2.295000000000000165e-02,-9.677866726777244466e-01
2.295000000000000165e-02,-1.703733285060228697e+00
2.296000000000000124e-02,3.131977793001778365e-01
2.307000000000000023e-02,4.271045063312515211e-01
2.308999999999999941e-02,-3.279087352204741457e-01
2.315000000000000044e-02,-2.578994212536679376e-01
2.315000000000000044e-02,-3.933768728050113239e-01
2.316999999999999962e-02,3.512578697609648470e-01
2.324000000000000024e-02,-4.915527362525108912e-01
2.327999999999999861e-02,1.677675657327160064e-01
2.327999999999999861e-02,3.175919336610310562e-01
2.327999999999999861e-02,1.801555035078490352e-01
2.331000000000000086e-02,-1.409904826447328841e+00
2.333999999999999964e-02,-5.682326665176147262e-01
2.333999999999999964e-02,-3.417155703036349190e-01
2.349000000000000046e-02,1.165668537247944947e+00
2.350000000000000006e-02,1.390942029771024269e-01
2.358000000000000027e-02,6.964784269204680189e-01
2.367999999999999966e-02,9.616217323547191498e-01
2.374000000000000069e-02,-6.087229267592128013e-01
2.382000000000000089e-02,-6.554200344671311518e-01
2.394999999999999907e-02,-7.210417784416101039e-02
2.394999999999999907e-02,-2.392043381809104974e-01
2.394999999999999907e-02,9.413587290205626124e-01
2.395999999999999866e-02,-2.781795492408518089e-01
2.403999999999999887e-02,3.223216171770242333e-01
2.404999999999999846e-02,-7.897238666330274048e-01
2.406000000000000152e-02,-6.275423071555731314e-01
2.412999999999999867e-02,3.013418629012484251e-01
2.414000000000000173e-02,-3.783398802712281683e-02
2.419999999999999929e-02,-3.899780991997168211e-01
2.419999999999999929e-02,3.305440964838194384e-01
2.420999999999999888e-02,-6.517697445629674347e-01
2.421999999999999847e-02,-3.915769000119231902e-01
2.425000000000000072e-02,2.518276948843012897e-01
2.426000000000000031e-02,-3.554811928655320363e-01
2.426000000000000031e-02,-1.215609457572551122e+00
2.435999999999999971e-02,2.159234665517956731e-01
2.435999999999999971e-02,-1.422400522553383562e+00
2.443000000000000033e-02,-1.758166395657321690e+00
2.450000000000000094e-02,-2.331471781377664476e-01
2.450000000000000094e-02,5.586183166927326527e-01
2.451000000000000054e-02,2.319513817459029070e-01
2.451000000000000054e-02,2.756797205507908067e-03
2.451000000000000054e-02,-6.909478925745768940e-01
2.453999999999999931e-02,-8.136701864296418396e-01
2.469000000000000014e-02,2.978616502602517424e-01
2.469000000000000014e-02,2.680445754435481498e-01
2.474000000000000157e-02,4.735840061358515540e-01
2.476000000000000076e-02,-4.067446995772003859e-01
2.476000000000000076e-02,3.340084866988069119e-03
2.476000000000000076e-02,-7.291977134914753300e-01
2.480999999999999872e-02,-8.382779999548567451e-01
2.480999999999999872e-02,-1.265181409552646352e+00
2.480999999999999872e-02,-3.921061889829016711e-01
2.491000000000000159e-02,4.816169892727742430e-01
2.492000000000000118e-02,-1.369325436143295216e-01
2.494000000000000036e-02,-6.057395141290249363e-01
2.494000000000000036e-02,-6.824178196415690012e-01
2.498999999999999833e-02,-3.509203891080628912e-01
2.500000000000000139e-02,-5.988211320054629416e-01
2.500000000000000139e-02,4.350783494212139280e-01
2.500000000000000139e-02,6.481788494545935864e-01
2.521999999999999936e-02,4.452804120760869844e-01
2.525000000000000161e-02,1.417343866744989800e+00
2.537999999999999978e-02,-5.242300084272286109e-02
2.546999999999999958e-02,-8.215735051990551430e-01
2.553000000000000061e-02,2.739777964078971562e-01
2.579000000000000042e-02,-3.806867568866153517e-01
2.581999999999999920e-02,1.221297936691835007e-01
2.583999999999999839e-02,6.949076021835884909e-01
2.583999999999999839e-02,-3.038347805507907728e-01
2.583999999999999839e-02,-9.569894249612398429e-01
2.591999999999999860e-02,-1.185907713458461910e+00
2.595000000000000084e-02,7.253721569527240565e-01
2.597000000000000003e-02,3.671140885494795780e-01
2.597000000000000003e-02,5.057143782890343164e-01
2.603000000000000105e-02,4.594774210881615861e-01
2.603000000000000105e-02,5.083263462121770937e-01
2.617999999999999841e-02,6.369334930311990606e-01
2.632999999999999924e-02,3.329939172554025051e-01
2.639999999999999986e-02,4.934664577159288967e-01
2.642999999999999863e-02,1.767127397162676639e-01
2.642999999999999863e-02,4.301996995934895818e-01
2.655000000000000068e-02,4.999144743581969696e-01
2.655000000000000068e-02,-3.362038782811500592e-01
2.655000000000000068e-02,-5.065024660695444103e-03
2.659999999999999865e-02,2.032282883881128821e-01
2.675999999999999907e-02,3.481919906205626081e-01
2.690999999999999989e-02,-7.704998675971423960e-01
2.704000000000000153e-02,-7.480439501434812399e-01
2.716999999999999971e-02,-9.636103565530096393e-01
2.716999999999999971e-02,-6.723821296895189370e-01
2.716999999999999971e-02,-9.849886093265366460e-01
2.721000000000000155e-02,1.069079414682082785e+00
2.724000000000000032e-02,1.359141243463170279e-02
2.732000000000000053e-02,8.050444575661976909e-01
2.732000000000000053e-02,-1.866964328172801254e-03
2.732000000000000053e-02,3.737577974027040950e-01
2.748000000000000095e-02,2.976075892677053636e-01
2.758999999999999994e-02,1.666177006754331336e+00
2.769999999999999893e-02,1.254486319336082012e+00
2.775000000000000036e-02,-1.325508792369110289e-01
2.777999999999999914e-02,-1.231044621153219776e+00
2.778999999999999873e-02,1.313453570884580257e+00
2.793999999999999956e-02,-4.215720614569608005e-01
2.801999999999999977e-02,-4.129357785592471242e-01
2.806000000000000161e-02,-1.765738626925290378e+00
2.826999999999999999e-02,-2.881518721137535932e-01
2.827999999999999958e-02,-1.402096716414486799e-01
2.828999999999999918e-02,9.815056008105160767e-01
2.830999999999999836e-02,8.314044295206551860e-01
2.830999999999999836e-02,1.159646498045219021e+00
2.830999999999999836e-02,1.164681446245355190e+00
2.834000000000000061e-02,-5.310850869675719232e-03
2.834000000000000061e-02,-1.964602573693848553e-01
2.844000000000000000e-02,1.713387154751859098e+00
2.844999999999999959e-02,-1.489224609790054554e+00
2.850000000000000103e-02,-7.869356353214115307e-01
2.859000000000000083e-02,9.003841071603457813e-02
2.870999999999999941e-02,2.770534590406327768e-01
2.874000000000000166e-02,3.015585501869972873e-01
2.875000000000000125e-02,4.405847884499577427e-01
2.886000000000000024e-02,-1.170763230699464863e+00
2.895000000000000004e-02,1.072645109234254157e+00
2.895000000000000004e-02,6.738621183180748542e-01
2.895999999999999963e-02,8.342656679106428275e-01
2.900000000000000147e-02,4.322227431143089715e-01
2.934000000000000150e-02,-7.738020243575050028e-02
2.935000000000000109e-02,2.679159191496731651e-01
2.953000000000000069e-02,-5.637271449834253545e-01
2.962000000000000050e-02,2.026727482748073239e+00
2.964999999999999927e-02,-6.957061917151042829e-01
2.972999999999999948e-02,2.147773559447981873e-01
2.978000000000000091e-02,1.873525091707215207e-01
2.978000000000000091e-02,5.206219985699337902e-03
2.978000000000000091e-02,-2.853431945851556822e-02
2.980000000000000010e-02,-6.978396796661913426e-02
2.988000000000000031e-02,1.121635129966384176e-01
2.989999999999999949e-02,-1.191638318223188442e+00
2.994000000000000133e-02,-8.257420682247412769e-02
3.002000000000000154e-02,2.479594723104858178e-01
3.004000000000000073e-02,5.000635754476938644e-01
3.006999999999999951e-02,-4.753601781603985499e-01
3.013000000000000053e-02,3.064972772896766839e-01
3.024999999999999911e-02,5.956221413049693665e-03
3.048000000000000015e-02,-1.319910516568111092e+00
3.049999999999999933e-02,-6.061131142810921579e-01
3.053000000000000158e-02,-4.079594309220929693e-01
3.072000000000000078e-02,9.282818874780738305e-01
3.072000000000000078e-02,-4.388041207104518837e-01
3.072000000000000078e-02,-5.711157865508217357e-01
3.074999999999999956e-02,2.156458862280202782e-01
3.081000000000000058e-02,8.732770416842844385e-01
3.081000000000000058e-02,6.744789042084948782e-01
3.081000000000000058e-02,4.590702836761969552e-01
3.081000000000000058e-02,6.724399280145599844e-01
3.092999999999999916e-02,-4.460784560130829357e-01
3.092999999999999916e-02,-1.285742996496139767e-01
3.099000000000000019e-02,-6.380888509331545944e-01
3.107000000000000040e-02,3.931440965288643397e-01
3.107000000000000040e-02,-1.946484396557389696e-01
3.107000000000000040e-02,3.527285621892876644e-01
3.123000000000000081e-02,1.181460886319858350e+00
3.132000000000000062e-02,-4.132605241280160047e-02
3.135999999999999899e-02,2.447220712908277362e-01
3.141000000000000042e-02,-5.988005020962551272e-01
3.141000000000000042e-02,-1.463636235259642149e-01
3.141000000000000042e-02,-7.604620426509617337e-01
3.155999999999999778e-02,3.200348722714516092e-01
3.157999999999999696e-02,-8.303433215400307654e-01
3.173999999999999738e-02,2.489812729138474734e-01
3.182999999999999718e-02,1.316726329149701114e+00
3.182999999999999718e-02,1.276046683967078377e-01
3.189000000000000168e-02,1.379871509878461522e+00
3.200999999999999679e-02,-3.409267333050936544e-01
3.207000000000000128e-02,-6.812204737033176194e-01
3.212000000000000272e-02,7.939384382287302255e-01
3.212000000000000272e-02,7.025263792257160356e-01
3.212000000000000272e-02,4.824332095154796884e-01
3.212000000000000272e-02,4.554220859975677826e-01
3.241000000000000131e-02,4.517802485167287108e-01
3.241000000000000131e-02,3.179595595615404835e-01
3.241000000000000131e-02,5.354117833296280216e-01
3.244999999999999968e-02,-6.054957283282640101e-02
3.244999999999999968e-02,3.281020680280345991e-01
3.246000000000000274e-02,-6.616286812856937705e-02
3.246000000000000274e-02,-2.209164625283068784e-01
3.246000000000000274e-02,-2.090313999272351564e-01
3.250000000000000111e-02,2.522272601353403032e-01
3.250000000000000111e-02,9.472710779575029827e-01
3.264000000000000234e-02,-6.801851944812679074e-01
3.278999999999999970e-02,1.757345348029897558e-01
3.291999999999999788e-02,1.055005991058501014e+00
3.291999999999999788e-02,1.017916776832789916e+00
3.309000000000000136e-02,3.934845136065084348e-01
3.309999999999999748e-02,1.079870912070604927e+00
3.314000000000000279e-02,-6.179122729288766269e-01
3.316000000000000197e-02,1.239989673277145821e+00
3.323000000000000259e-02,3.911233358677057570e-01
3.336000000000000076e-02,4.069468923233492963e-01
3.336999999999999689e-02,5.737184087085712703e-01
3.343999999999999750e-02,3.242526410616427546e-01
3.350999999999999812e-02,1.007582807333795571e+00
3.352000000000000118e-02,8.351538377578208161e-01
3.352000000000000118e-02,9.096531659333964015e-01
3.368999999999999773e-02,9.180290524741122060e-02
3.368999999999999773e-02,9.743888833318944953e-02
3.370000000000000079e-02,-6.106531695807163596e-01
3.370000000000000079e-02,6.093863054742301166e-01
3.409999999999999837e-02,3.540687272801225638e-01
3.432000000000000328e-02,-1.257435109754660996e-01
3.445000000000000145e-02,3.234400349248218731e-01
3.481000000000000066e-02,-6.090932223688708680e-01
3.491999999999999965e-02,2.655630611416445741e-01
3.495000000000000190e-02,5.353873480975138710e-01
3.495000000000000190e-02,1.371819724611888169e+00
3.497000000000000108e-02,-1.471811760018996301e-02
3.500999999999999945e-02,-1.423530693287919702e+00
3.518000000000000294e-02,3.664391913531484524e-01
3.533000000000000029e-02,-1.104665829341616723e-01
3.542000000000000010e-02,1.940559937837339488e+00
3.543999999999999928e-02,-4.899286107649743899e-02
3.563999999999999807e-02,2.468588624591507297e-01
3.565000000000000113e-02,-4.561024615994210829e-01
3.574000000000000093e-02,2.539381417917221245e-02
3.577000000000000318e-02,6.116340708017846683e-01
3.588999999999999829e-02,-1.468471681216054203e-01
3.590999999999999748e-02,3.890576333008020637e-01
3.592000000000000054e-02,4.881964349761274691e-01
3.602000000000000340e-02,1.488899321054763414e+00
3.615999999999999770e-02,8.864182508343687594e-01
3.626999999999999669e-02,6.329038980067847042e-01
3.626999999999999669e-02,4.798211133387083605e-01
3.631000000000000200e-02,-3.828439209461644843e-01
3.631000000000000200e-02,1.607845065235186804e-02
3.638999999999999874e-02,7.812299785713183731e-02
3.640999999999999792e-02,8.004548904280045507e-01
3.642999999999999711e-02,-1.744963371812567610e-02
3.642999999999999711e-02,-2.557013037737441707e-01
3.645999999999999935e-02,6.897528353566469983e-01
3.651999999999999691e-02,2.317504614579933175e+00
3.651999999999999691e-02,1.646237796193450453e+00
3.654000000000000303e-02,4.226326457474094411e-01
3.672000000000000264e-02,6.980910493439548281e-01
3.703999999999999654e-02,6.690098184664193537e-02
3.724999999999999839e-02,3.257854672048692835e-01
3.731999999999999901e-02,-5.993915869675605634e-01
3.731999999999999901e-02,-8.057607849293462188e-01
3.747999999999999943e-02,1.747750912742796592e+00
3.760999999999999760e-02,2.078121094225287430e-02
3.762000000000000066e-02,2.095561506675041485e+00
3.790000000000000313e-02,4.021143776562203231e-01
3.799999999999999906e-02,7.752028705952297427e-01
3.831999999999999990e-02,-8.076766383360207968e-02
3.835000000000000214e-02,-1.935744103604808142e-01
3.871000000000000135e-02,-2.629458933537924814e-01
3.891000000000000014e-02,2.006386302561707691e+00
3.928000000000000241e-02,6.186697217198200427e-01
3.939999999999999752e-02,3.844198904945639872e-01
3.975000000000000061e-02,-6.353816262098282985e-01
3.996000000000000246e-02,9.919141071001834620e-01
4.014999999999999819e-02,-9.144029580547093916e-01
4.014999999999999819e-02,-4.558707104495948736e-01
4.023000000000000187e-02,1.455653162032791936e+00
4.027000000000000024e-02,-7.759855470865887339e-01
4.044999999999999984e-02,8.004062805284607451e-01
4.055999999999999883e-02,-2.623535289023062322e-01
4.059000000000000108e-02,9.486662474067337758e-01
4.130000000000000338e-02,2.340818539487884431e-01
4.130000000000000338e-02,-2.347980375064876585e-02
4.222999999999999671e-02,2.137867649333478615e-01
4.238999999999999713e-02,5.658432829920295726e-01
4.250999999999999918e-02,-1.228566255324305745e+00
4.252000000000000224e-02,-1.469496143969728774e-01
4.265000000000000041e-02,-4.993666461166874626e-01
4.275000000000000328e-02,-4.895235830998907467e-01
4.275000000000000328e-02,5.248033184431054722e-06
4.279999999999999777e-02,-3.879754450216150730e-01
4.306999999999999718e-02,1.374619858763055646e-01
4.327999999999999903e-02,6.065173113063823118e-01
4.365999999999999742e-02,6.149659273754380928e-01
4.390999999999999764e-02,-4.991617927485990092e-01
4.397000000000000214e-02,-2.392738152091954951e-01
4.404000000000000276e-02,8.310482788854109959e-01
4.429000000000000298e-02,5.486162911168002143e-01
4.433000000000000135e-02,1.040061893368434465e+00
4.488000000000000322e-02,-1.308807946851359150e+00
4.495999999999999996e-02,3.591044649876548589e-01
4.495999999999999996e-02,7.425385927891718918e-01
4.501999999999999752e-02,2.548944015791878570e-01
4.510000000000000120e-02,5.284087120202420884e-01
4.540999999999999898e-02,-5.061388884754907114e-01
4.549000000000000266e-02,-2.359832525355840538e-01
4.612000000000000127e-02,5.099967947882679820e-01
4.626999999999999863e-02,-9.256094546096721443e-01
4.669999999999999846e-02,-7.693595299388260311e-02
4.673000000000000070e-02,9.747273362351925596e-02
4.676999999999999907e-02,3.255818251315399925e-01
4.692000000000000337e-02,-1.226641675915148000e-01
4.692000000000000337e-02,-6.056186939428901544e-02
4.734000000000000014e-02,5.202664233870353261e-01
4.764000000000000179e-02,8.096128064566918692e-01
4.768000000000000016e-02,4.247716051332686704e-01
4.776999999999999996e-02,-2.380049751925261137e-01
4.776999999999999996e-02,-1.057112202002755907e+00
4.780000000000000221e-02,1.159534659987532801e-01
4.839000000000000246e-02,4.131009317302954398e-01
4.866999999999999799e-02,-1.830887303461076421e+00
4.895999999999999658e-02,-6.963259580490516187e-01
4.927999999999999742e-02,-1.438814397099771603e-01
4.943999999999999784e-02,-1.631443740446087143e-01
4.952000000000000152e-02,-7.896599046954113632e-01
4.970000000000000112e-02,-8.121096497703449435e-01
4.979999999999999705e-02,-3.932976747197348133e-01
4.995000000000000134e-02,7.104702257781899677e-01
4.997999999999999665e-02,1.345421362652601260e+00
5.018000000000000238e-02,-2.366847116721953193e-01
5.018999999999999850e-02,-3.240774779105162762e-02
5.063000000000000139e-02,-6.370466131554637368e-01
5.070999999999999813e-02,2.421752665768490131e-01
5.138999999999999818e-02,1.063952056745703478e+00
5.147999999999999798e-02,3.097925084125227047e-01
5.165000000000000147e-02,-8.061558306903136017e-01
5.195999999999999924e-02,-1.653534374389501238e+00
5.229000000000000314e-02,4.616046553099661387e-01
5.231999999999999845e-02,6.060892937632293975e-01
5.231999999999999845e-02,-6.637466624550022454e-01
5.267999999999999766e-02,1.119567216596448755e-01
5.290999999999999870e-02,4.674578248097437938e-01
5.319999999999999729e-02,6.514618864297365697e-01
5.430000000000000104e-02,4.113265266782012430e-02
5.448999999999999677e-02,2.233134589500849199e-01
5.485000000000000292e-02,6.707176804292118433e-02
5.512999999999999845e-02,4.140810524871436221e-02
5.528999999999999887e-02,-1.270009199777902387e+00
5.630999999999999894e-02,4.838652127101457090e-01
5.641000000000000181e-02,-5.200103549691796889e-01
5.657999999999999835e-02,-4.506728308863938715e-02
5.668000000000000121e-02,6.645941721861867713e-01
5.680000000000000326e-02,6.406827890932216274e-01
5.707999999999999879e-02,9.020305771757622382e-02
5.759999999999999842e-02,1.708892124970253501e-01
5.759999999999999842e-02,-1.778099099274216555e-01
5.836999999999999827e-02,-3.850210556286640107e-02
5.836999999999999827e-02,6.230133032397922044e-01
5.933999999999999692e-02,-1.175132892973772325e+00
6.067000000000000171e-02,3.150674878060911177e-01
6.078999999999999682e-02,-2.724615246742560504e-01
6.115999999999999909e-02,-6.797204163792028853e-01
6.115999999999999909e-02,-8.805358350168350778e-01
6.130000000000000032e-02,5.148376008729372844e-01
6.130000000000000032e-02,5.804271678257321154e-01
6.142000000000000237e-02,-1.583562186719176257e-01
6.370000000000000662e-02,8.007816236127822673e-01
6.397999999999999521e-02,-7.619728526810100044e-01
6.418999999999999706e-02,-1.180604877409985320e+00
6.485000000000000486e-02,-9.266641529402880328e-01
6.603000000000000536e-02,4.616346825918794528e-01
6.651999999999999580e-02,-4.116817858988831569e-01
6.722999999999999809e-02,5.912361187760154513e-01
6.730999999999999484e-02,-3.795903331890377874e-01
6.758000000000000118e-02,9.078400177077128319e-01
6.840999999999999859e-02,-5.763450593590874194e-01
6.908000000000000251e-02,3.189928841167483653e-01
6.909999999999999476e-02,-5.135710646103135435e-01
7.027999999999999525e-02,-5.005082145726046372e-01
7.027999999999999525e-02,-6.224946917994359508e-01
7.045999999999999486e-02,3.587608770938052194e-01
7.061000000000000609e-02,6.152821525680247650e-01
7.068000000000000671e-02,1.279567572373816464e-01
7.073999999999999733e-02,-2.336105615261768742e-01
7.076000000000000345e-02,-4.709251512045453669e-01
7.094000000000000306e-02,-3.864693075401410272e-01
7.112999999999999878e-02,9.921430212500707835e-02
7.134000000000000064e-02,-1.352404143934221314e-01
7.148999999999999799e-02,-1.236383274528141563e+00
7.192999999999999394e-02,5.490448686539916023e-01
7.195999999999999619e-02,8.434128947850131341e-01
7.301000000000000545e-02,4.134502923270657049e-01
7.398000000000000409e-02,1.524152316595634160e-01
7.467000000000000026e-02,-5.084529054465649622e-01
7.477999999999999925e-02,-5.248402719470511846e-01
7.489999999999999436e-02,-4.367068945796168666e-01
7.489999999999999436e-02,6.966161221385976099e-02
7.513999999999999846e-02,8.718509412270192271e-01
7.528999999999999582e-02,-9.466829098713934465e-02
7.556999999999999829e-02,2.978178155597590582e-01
7.832999999999999685e-02,1.193780480776518216e+00
7.849000000000000421e-02,1.478013457485791493e+00
7.849000000000000421e-02,2.400733269285259652e+00
7.854999999999999483e-02,-6.119358267486457725e-01
7.868999999999999606e-02,-1.366950224547433534e-01
7.890999999999999404e-02,4.630954622013233046e-01
7.900999999999999690e-02,-9.977708681076364883e-01
7.965999999999999470e-02,-6.041572226547446967e-01
8.024000000000000576e-02,-3.809829731788978435e-01
8.140999999999999626e-02,-1.088274251588450814e-01
8.221000000000000529e-02,2.361411088219314280e-01
8.254999999999999838e-02,-3.759847951606415939e-01
8.282000000000000473e-02,1.071848734380490109e+00
8.365999999999999825e-02,7.251616542472517635e-01
8.544000000000000206e-02,-1.215892327717654764e-01
8.655999999999999805e-02,-1.741086770045260357e-01
8.848000000000000309e-02,-6.295388095986550470e-01
9.014999999999999403e-02,-2.737697328195702884e-01
9.066000000000000447e-02,2.046551503065602573e-01
9.181000000000000272e-02,5.202031500396431252e-01
9.284000000000000585e-02,3.552336704605349449e-01
9.968000000000000471e-02,1.161306109329661274e+00
1.014199999999999963e-01,2.811937880703741510e-01
1.023099999999999982e-01,-1.041827014109063670e-01
1.023700000000000027e-01,7.216789594440073952e-01
1.029800000000000021e-01,-5.665496425590756946e-01
1.033799999999999997e-01,2.990321725030293809e-01
1.035100000000000048e-01,-4.633224538082204025e-01
1.048499999999999988e-01,4.265307645494968991e-01
1.063800000000000023e-01,-5.180197595267685973e-01
1.068400000000000044e-01,5.954522500898923321e-01
1.069399999999999934e-01,2.609097283880101870e-01
1.072800000000000004e-01,8.497393242715474138e-01
1.075099999999999945e-01,6.190265921903583823e-01
1.081000000000000016e-01,1.091127252133788396e-02
1.088599999999999984e-01,-1.077230151838001748e-01
1.098800000000000054e-01,7.369504699817008841e-01
1.124300000000000022e-01,7.986979775473600496e-01
1.136500000000000010e-01,-6.597618358200890709e-01
1.162799999999999945e-01,-1.799124768971969712e-01
1.163499999999999951e-01,3.188711917190026890e-01
1.174100000000000005e-01,-8.115515987818613941e-02
1.177099999999999952e-01,4.986511608296921583e-02
1.179700000000000054e-01,-1.476192417363871412e+00
1.187799999999999967e-01,-2.653285599940712336e-01
1.199199999999999988e-01,-2.286789447593161606e-01
1.204199999999999993e-01,5.600988712365991828e-01
1.206699999999999995e-01,-7.058945304084149330e-02
1.218999999999999945e-01,-5.407533058149243121e-01
1.220799999999999941e-01,-3.091041621969760067e-01
1.226200000000000068e-01,-5.795932104720401962e-02
1.230300000000000005e-01,-3.815778219118070025e-01
1.233599999999999974e-01,-5.634504850162882494e-01
1.235600000000000032e-01,2.679763855160569586e-01
1.236300000000000038e-01,7.404519834354326147e-01
1.237700000000000050e-01,-4.468112445669653043e-01
1.238400000000000056e-01,5.332508595622396097e-01
1.245499999999999940e-01,2.489499108507914893e-01
1.254200000000000037e-01,1.321711261882319688e+00
1.260799999999999976e-01,-8.975363978947722421e-01
1.268799999999999928e-01,1.493049978366878527e-01
1.269399999999999973e-01,-3.201960326969851001e-01
1.270499999999999963e-01,-2.129699367545283550e-01
1.271599999999999953e-01,2.938606247316837353e-02
1.290000000000000036e-01,-3.836888719123110469e-01
1.290399999999999880e-01,1.266141206198842240e-01
1.292899999999999883e-01,6.027935355694680197e-02
1.293999999999999873e-01,1.611139317703778329e-01
1.315300000000000080e-01,-4.181649987953256487e-01
1.326900000000000024e-01,-7.761599861545702694e-01
1.334899999999999975e-01,-2.342981447123944905e-01
1.335300000000000098e-01,-3.194741699902267640e-01
1.346299999999999997e-01,1.622739259466853934e+00
1.351400000000000101e-01,4.962788662950528562e-01
1.359899999999999998e-01,1.951656334401696280e-01
1.363999999999999935e-01,-4.927581118718228903e-01
1.368699999999999917e-01,2.564618429287505164e-01
1.369599999999999984e-01,3.115608585895924751e-02
1.372899999999999954e-01,1.701019433278943005e+00
1.381100000000000105e-01,-6.813764203315803014e-01
1.381799999999999973e-01,-1.511198162968273306e-01
1.382400000000000018e-01,3.817790808461535290e-01
1.383399999999999908e-01,1.972213962922379216e-01
1.386400000000000132e-01,4.927225495038473624e-01
1.386799999999999977e-01,9.623167752255197549e-02
1.395899999999999919e-01,1.571259352766475326e-01
1.406999999999999917e-01,8.716669679277467830e-01
1.408399999999999930e-01,1.297475710958554629e+00
1.410800000000000110e-01,8.112363824605337004e-02
1.411999999999999922e-01,3.765359844457663030e-01
1.431099999999999872e-01,-6.368651350164612757e-02
1.433500000000000052e-01,1.225441760734920171e+00
1.434400000000000119e-01,3.924961837173592816e-01
1.438800000000000079e-01,3.331223204768916230e-02
1.441000000000000059e-01,-2.387570120506321558e-01
1.453299999999999870e-01,2.767348761118543221e-01
1.462400000000000089e-01,3.726164542512256928e-01
1.465599999999999958e-01,2.367450096904246959e-01
1.472900000000000043e-01,-9.205835234116440668e-01
1.474100000000000132e-01,-5.665364947502243842e-01
1.475700000000000067e-01,1.829977208780245168e-01
1.475899999999999990e-01,2.023970202872348023e-02
1.479199999999999959e-01,-6.159052498790920094e-01
1.481200000000000017e-01,4.855954283515957481e-01
1.481899999999999884e-01,-8.122322580760413802e-01
1.488200000000000078e-01,6.147237031801703472e-02
1.492300000000000015e-01,-2.623502809822838566e-01
1.503599999999999937e-01,-4.025975364491066188e-01
1.506699999999999984e-01,-7.786014133094418255e-02
1.518599999999999950e-01,-9.454640959673185074e-01
1.527199999999999946e-01,6.506040245005966227e-01
1.530400000000000094e-01,1.027676341271418006e-02
1.531700000000000006e-01,-7.447324187360004899e-01
1.532499999999999973e-01,2.060305961866603641e-01
1.533899999999999986e-01,8.109033552522804111e-01
1.549300000000000122e-01,-2.248464126592380485e-01
1.550900000000000056e-01,1.913243617224409387e-01
1.551800000000000124e-01,8.542132837731015726e-01
1.559099999999999930e-01,-1.617917473258654537e+00
1.565400000000000125e-01,-2.911592631108303464e-01
1.583799999999999930e-01,-1.333608419191472105e+00
1.590600000000000069e-01,4.186631419070785953e-01
1.592200000000000004e-01,-2.501668280464890426e+00
1.593499999999999917e-01,-1.548243788730752302e+00
1.599099999999999966e-01,-5.486894069449899103e-01
1.600900000000000101e-01,-1.036413216500623014e+00
1.603600000000000025e-01,-5.603124029231797421e-01
1.604500000000000093e-01,3.669757366279396971e-01
1.605999999999999928e-01,-5.480025566382401569e-01
1.613400000000000112e-01,-1.268068003021064760e-01
1.622000000000000108e-01,-1.308016708836876318e-01
1.635699999999999932e-01,-4.670053788778872894e-01
1.643100000000000116e-01,-6.117685423042193982e-01
1.645500000000000018e-01,-4.268160923662396300e-01
1.647800000000000098e-01,-4.900280429472045340e-01
1.659299999999999942e-01,3.515779751176383860e-01
1.659499999999999864e-01,-1.174937321476410501e+00
1.681699999999999862e-01,-9.955865902290238489e-01
1.693500000000000005e-01,3.171024497069666603e-01
1.696000000000000008e-01,7.677821434140298384e-01
1.702899999999999969e-01,2.599567275894556703e-02
1.713699999999999946e-01,2.051575622857970405e-01
1.715599999999999903e-01,-1.314808030828590324e-01
1.723899999999999877e-01,1.135794107217807936e-02
1.727400000000000047e-01,-1.557932849292668953e+00
1.728200000000000014e-01,8.720402177974349023e-01
1.731499999999999984e-01,-9.368247877489238595e-01
1.735700000000000021e-01,1.303491366147548347e-01
1.736000000000000043e-01,-1.105845258502703210e+00
1.738300000000000123e-01,2.467331307980472621e-01
1.739999999999999880e-01,3.722758865007806395e-01
1.740500000000000103e-01,-1.239972784283877250e+00
1.742700000000000082e-01,1.235386861018360344e-01
1.742799999999999905e-01,-2.539473926395841574e-01
1.743099999999999927e-01,-1.158645883873520854e-01
1.748300000000000132e-01,1.151810244198945288e+00
1.765400000000000025e-01,-3.003791210387160016e-01
1.769699999999999884e-01,-3.042130386205280090e-01
1.772900000000000031e-01,-6.520920412496054031e-01
1.776899999999999868e-01,-9.064063731467910667e-01
1.778000000000000136e-01,5.590952624616019051e-01
1.783899999999999930e-01,1.851191371357816751e+00
1.789000000000000035e-01,3.307701578492996397e-01
1.789600000000000080e-01,8.807254915581096411e-01
1.791600000000000137e-01,-2.477664330785065705e-01
1.795499999999999874e-01,-1.666753388362102184e-01
1.795899999999999996e-01,-2.651250773424740914e-01
1.797900000000000054e-01,-2.236546008383829762e-02
1.799000000000000044e-01,1.475517718383915211e+00
1.803700000000000025e-01,-1.742542844667891888e+00
1.805900000000000005e-01,-8.077837397659214380e-01
1.806399999999999950e-01,5.827141680429389625e-01
1.806699999999999973e-01,1.977784615634103904e-01
1.807100000000000095e-01,7.989657006038803841e-03
1.807999999999999885e-01,3.351521911420521360e-02
1.812300000000000022e-01,-9.938825768325038057e-01
1.813800000000000134e-01,1.614214526268066552e-01
1.814800000000000024e-01,-9.697059209031307914e-01
1.820299999999999974e-01,-2.204429042764252944e-01
1.821599999999999886e-01,-7.102643953121966502e-01
1.821699999999999986e-01,3.675518522585770609e-01
1.824300000000000088e-01,8.245060922742627474e-01
1.834500000000000020e-01,-1.693002247549852124e-01
1.837600000000000067e-01,4.995814177389319988e-01
1.838299999999999934e-01,1.696679380822523897e-01
1.838799999999999879e-01,6.459565340959240176e-01
1.844300000000000106e-01,8.900918099559426144e-01
1.844399999999999928e-01,9.776307961705869021e-01
1.846800000000000108e-01,-3.822865678502932602e-02
1.848200000000000121e-01,-4.019303205513670707e-01
1.849200000000000010e-01,4.706880390801180813e-01
1.850100000000000078e-01,-2.180153321771508834e-01
1.850700000000000123e-01,-7.419692953932796042e-01
1.853799999999999892e-01,8.159772513548247952e-01
1.865100000000000091e-01,4.621377207384440022e-01
1.871400000000000008e-01,5.278435186975043436e-01
1.880100000000000104e-01,1.916162209643572367e-01
1.889200000000000046e-01,-1.883036673926638205e+00
1.889299999999999868e-01,3.462172319118771990e-01
1.891500000000000126e-01,2.083649323663272934e+00
1.893100000000000060e-01,7.782815610809823426e-02
1.893700000000000105e-01,9.177320436064172471e-01
1.895499999999999963e-01,1.438411409508821015e-01
1.897899999999999865e-01,-1.122976809028386307e-02
1.900900000000000090e-01,9.226407360812719505e-01
1.902600000000000124e-01,-1.623462604617912364e-01
1.902999999999999969e-01,1.166392981273758345e+00
1.939700000000000035e-01,6.674813107249868982e-02
1.942200000000000037e-01,4.139495405905593284e-01
1.953400000000000136e-01,8.258523340654407852e-01
1.954899999999999971e-01,5.392247100204834442e-01
1.955500000000000016e-01,7.286515159874917824e-01
1.955600000000000116e-01,-5.894164315169151402e-01
1.960199999999999998e-01,-6.432904914422640230e-01
1.961100000000000065e-01,-2.247362778361145785e-01
1.961600000000000010e-01,1.134260921325128263e-01
1.962399999999999978e-01,2.757090371070216595e-01
1.971900000000000042e-01,-1.531020203091622567e-01
1.972599999999999909e-01,-1.001997099864177176e+00
1.978600000000000081e-01,-1.795617058746034944e+00
1.980099999999999916e-01,-4.240705286466041057e-01
1.981499999999999928e-01,3.020426865005008121e-01
1.984599999999999975e-01,2.035220902616899252e+00
1.985999999999999988e-01,2.240879189473384547e-01
1.986300000000000010e-01,2.746459767324725965e-01
1.989200000000000135e-01,8.132615232677097294e-01
1.994799999999999907e-01,-7.109607390222162371e-01
1.995599999999999874e-01,-5.019782013978723971e-03
1.995699999999999974e-01,2.564999673113500522e-01
2.006199999999999928e-01,-9.308798355883181053e-01
2.006799999999999973e-01,4.659973098732187458e-01
2.007400000000000018e-01,-3.145790834187993101e-01
2.013900000000000134e-01,-7.824203582984541605e-02
2.021600000000000064e-01,-1.339149773276843591e+00
2.023699999999999943e-01,6.804328107518561319e-01
2.026799999999999990e-01,-2.846010838998443981e-01
2.030800000000000105e-01,4.847808184858847791e-01
2.031399999999999872e-01,-7.932134691164863249e-02
2.031799999999999995e-01,1.829038730757620856e-01
2.032299999999999940e-01,1.711597017069309834e-01
2.036799999999999999e-01,1.301505076732814743e-02
2.045399999999999996e-01,-1.948734160120579595e-01
2.047100000000000031e-01,-3.528850695247630065e-01
2.051499999999999990e-01,1.083803396991461776e+00
2.054900000000000060e-01,-6.328815935689774408e-01
2.069900000000000073e-01,-6.598143715279393418e-02
2.073599999999999888e-01,1.110997648517157543e+00
2.075400000000000023e-01,8.397295655940830716e-01
2.083099999999999952e-01,-8.321401422558434291e-01
2.084699999999999886e-01,-5.617852478716579556e-01
2.085599999999999954e-01,6.016261810413768840e-01
2.085700000000000054e-01,-4.831768747862734692e-01
2.086399999999999921e-01,-5.038329009917286161e-01
2.093700000000000006e-01,-4.860758988857622476e-01
2.100299999999999945e-01,1.152198374893728561e+00
2.102300000000000002e-01,-2.818743580555809647e+00
2.107100000000000084e-01,-9.424324274989617778e-02
2.108299999999999896e-01,-1.153375699847919655e+00
2.109900000000000109e-01,-1.975016429767192938e-01
2.113700000000000023e-01,5.624620217091080843e-01
2.116000000000000103e-01,-1.165373005879316998e-01
2.118599999999999928e-01,-4.310926696680636994e-01
2.121399999999999952e-01,-2.595436888251326790e-01
2.133899999999999963e-01,4.147960752752877928e-02
2.135299999999999976e-01,-4.276542483950455248e-02
2.138299999999999923e-01,-6.712042074114936696e-01
2.144199999999999995e-01,-2.930207609000928456e-02
2.151099999999999957e-01,-3.180184451646285715e-01
2.151299999999999879e-01,1.871581072453187833e+00
2.156599999999999906e-01,7.135533093310993946e-01
2.165300000000000002e-01,-1.591085152325781849e+00
2.167399999999999882e-01,7.534897237666814129e-02
2.167699999999999905e-01,2.159092151060540699e-01
2.172900000000000109e-01,2.984778436578900962e-01
2.178100000000000036e-01,-4.040877555226670692e-01
2.184800000000000075e-01,7.302106286998275575e-01
2.188400000000000067e-01,2.635562544453910472e-01
2.188499999999999890e-01,4.820529191825967397e-01
2.188599999999999990e-01,-3.590355487775792054e-01
2.188700000000000090e-01,2.400189052723759320e-01
2.193499999999999894e-01,1.736053603661748268e-01
2.194299999999999862e-01,-3.737836278209284990e-01
2.196700000000000041e-01,1.516229526346761329e-02
2.197600000000000109e-01,6.908886590931563321e-01
2.198199999999999876e-01,-2.062055022483993971e-01
2.200499999999999956e-01,-6.873328004570260497e-01
2.205499999999999960e-01,4.096404708237071368e-01
2.206899999999999973e-01,-6.396073889624517839e-02
2.214099999999999957e-01,-4.237921375520971590e-01
2.214099999999999957e-01,-2.247060836942038897e-01
2.215699999999999892e-01,5.243558704712076857e-01
2.228700000000000125e-01,7.284265194109760255e-01
2.233499999999999930e-01,1.494752413296099314e-01
2.237300000000000122e-01,-6.599170013134908475e-01
2.245099999999999874e-01,-4.788042804630794624e-02
2.245099999999999874e-01,-7.886990101312829626e-01
2.248199999999999921e-01,-1.837421742570869709e-01
2.253400000000000125e-01,-7.862605163538571862e-02
2.253600000000000048e-01,1.905804054124120572e-01
2.255199999999999982e-01,-3.473936861773712238e-03
2.256299999999999972e-01,-9.342631116960458115e-01
2.263199999999999934e-01,1.157981885079370388e+00
2.271400000000000086e-01,-3.072068662076488654e-01
2.280600000000000127e-01,2.536947820384602981e-01
2.285300000000000109e-01,-7.042262191934639537e-02
2.291700000000000126e-01,1.677531554294038052e-01
2.296700000000000130e-01,-3.146580058070809205e-01
2.300599999999999867e-01,-3.083258927491415169e-01
2.304400000000000059e-01,3.988150467607143868e-01
2.306600000000000039e-01,-4.483772815185296245e-01
2.307500000000000107e-01,-4.926749849211312648e-01
2.308300000000000074e-01,3.941763228801808960e-01
2.311100000000000099e-01,5.656360858930032931e-01
2.315000000000000113e-01,-5.595010991311979986e-02
2.317099999999999993e-01,-5.412292330462138423e-01
2.321199999999999930e-01,-9.869413722426449709e-02
2.326900000000000079e-01,-2.167684857542984567e+00
2.335599999999999898e-01,-1.948031546401828573e-01
2.336399999999999866e-01,9.093797532167600117e-01
2.338099999999999901e-01,-2.026660896771192710e-01
2.338099999999999901e-01,-4.629011287870885560e-01
2.347100000000000020e-01,1.847393498317503879e-01
2.347499999999999865e-01,-1.726765889776703256e-01
2.348300000000000110e-01,-4.948159964670742483e-01
2.350800000000000112e-01,-3.211960513070857282e-01
2.354300000000000004e-01,-9.955235407969571793e-02
2.363000000000000100e-01,7.482874281979734477e-01
2.364900000000000058e-01,-1.490410482813716610e-02
2.365299999999999903e-01,1.041000592768209998e+00
2.367100000000000037e-01,-6.305301464686330348e-01
2.368399999999999950e-01,-1.981657618731817450e-01
2.371099999999999874e-01,-2.346457110370001875e-01
2.373500000000000054e-01,1.510106132195716544e+00
2.377599999999999991e-01,-2.749674987995654463e-01
2.395400000000000029e-01,-1.878364629217641468e+00
2.397100000000000064e-01,-9.354108001183178978e-01
2.400400000000000034e-01,3.111515184558755753e-01
2.407199999999999895e-01,5.527909630873902858e-01
2.410599999999999965e-01,1.240287264288183339e-01
2.415100000000000025e-01,-5.559364177828215459e-01
2.415299999999999947e-01,-1.065940464342475025e+00
2.420700000000000074e-01,1.088009192435762662e+00
2.426699999999999968e-01,4.205284682986473732e-01
2.427100000000000091e-01,9.406938636258413977e-01
2.431599999999999873e-01,-5.771565265623308516e-01
2.434099999999999875e-01,6.570816401997848777e-01
2.440499999999999892e-01,-1.959396957735538847e-01
2.443599999999999939e-01,-6.310075062479555408e-01
2.444900000000000129e-01,-1.188887013215612631e+00
2.449699999999999933e-01,-8.984113006307800631e-02
2.451200000000000045e-01,7.804843536923474767e-01
2.453899999999999970e-01,7.121019500718655040e-03
2.459399999999999920e-01,4.162172390979405612e-01
2.460400000000000087e-01,-1.060262190330095861e-01
2.463700000000000057e-01,6.747349548743861170e-02
2.464300000000000102e-01,-3.918120384979965065e-01
2.464899999999999869e-01,1.486554962759648046e-01
2.470100000000000073e-01,-1.269844862856000622e+00
2.483499999999999874e-01,-1.033650183493787456e+00
2.484800000000000064e-01,4.806221676643860907e-01
2.484800000000000064e-01,2.053848719629626784e-01
2.485100000000000087e-01,-8.417390419202341878e-02
2.485300000000000009e-01,-3.494458402316665269e-01
2.488299999999999956e-01,1.999559068189683264e-01
2.489899999999999891e-01,-4.527205590808563440e-01
2.496099999999999985e-01,1.245257318596593832e+00
2.497300000000000075e-01,-5.013255455151082174e-01
2.497399999999999898e-01,-5.113006006516464252e-02
2.500399999999999845e-01,8.627065599302924381e-01
2.500800000000000245e-01,-1.229072538353418453e-01
2.503000000000000225e-01,5.074212972000949340e-02
2.503699999999999815e-01,8.643555362938505349e-01
2.505200000000000204e-01,-5.664498332287641880e-01
2.507699999999999929e-01,-1.120706288322305955e-01
2.519100000000000228e-01,2.344910119956195027e-01
2.524700000000000277e-01,2.135146692470743512e-01
2.524899999999999922e-01,-7.812359063924924352e-02
2.531900000000000261e-01,-4.130453447365169950e-01
2.534500000000000086e-01,-1.544386116319124591e+00
2.539399999999999991e-01,8.130565982975720973e-02
2.560499999999999998e-01,9.498251555712764471e-01
2.560899999999999843e-01,3.590609729439476761e-01
2.562499999999999778e-01,-4.360239361969051042e-01
2.567200000000000037e-01,1.369902107072298314e-01
2.572099999999999942e-01,4.203849779931918551e-01
2.572300000000000142e-01,1.104737649122493476e-01
2.575999999999999956e-01,5.882604708897158918e-01
2.580000000000000071e-01,2.072158125265525785e-01
2.584699999999999775e-01,-8.735528023421620936e-02
2.585500000000000020e-01,1.645971469516055996e-01
2.590799999999999770e-01,-1.133810346003563785e+00
2.591100000000000070e-01,3.122325773197749399e-01
2.591200000000000170e-01,-4.006501409445855089e-01
2.593500000000000250e-01,1.318245170030069580e-01
2.595399999999999929e-01,-3.105275249780579672e-01
2.605100000000000193e-01,-4.066345725891660871e-03
2.608599999999999808e-01,5.673397170530093403e-01
2.612999999999999767e-01,-3.106953722363358095e-01
2.615100000000000202e-01,-4.223711947861233384e-01
2.616200000000000192e-01,6.677132628802890935e-01
2.616200000000000192e-01,7.136876803139641234e-01
2.616600000000000037e-01,-5.436494619999009403e-01
2.617300000000000182e-01,7.143354220638485907e-01
2.618699999999999917e-01,9.439584554305672226e-01
2.629000000000000226e-01,1.433125561345033105e+00
2.630899999999999905e-01,6.493493002517839452e-01
2.634799999999999920e-01,-7.460779797427198323e-01
2.638400000000000190e-01,1.395949136796635071e-01
2.638599999999999834e-01,-1.127445749801221586e+00
2.639500000000000179e-01,2.566090772304616130e-01
2.640500000000000069e-01,-1.256289512676991571e-01
2.645100000000000229e-01,5.078037822974337256e-01
2.646200000000000219e-01,-1.383572429205797150e-01
2.656999999999999917e-01,2.545617636651175131e-01
2.657599999999999962e-01,-1.110695364289741249e+00
2.662900000000000267e-01,-1.011986223834464127e+00
2.668699999999999961e-01,-8.461894176356554720e-02
2.679400000000000115e-01,-3.129876919402069246e-01
2.680400000000000005e-01,-4.833919658274096198e-01
2.684799999999999964e-01,-5.125911242988410166e-01
2.685000000000000164e-01,1.499343044881241722e-03
2.687899999999999734e-01,1.036738438207336910e-01
2.700600000000000223e-01,2.194792922770917309e-01
2.701000000000000068e-01,-5.127136710784718776e-01
2.704500000000000237e-01,-3.952864004553517385e-01
2.708499999999999797e-01,-6.717837154865454741e-01
2.712899999999999756e-01,-2.967639034653498653e-01
2.726500000000000035e-01,-4.342709365425016510e-01
2.733999999999999764e-01,-7.256273676498629088e-01
2.744400000000000173e-01,3.649501603673273031e-01
2.750799999999999912e-01,-4.553087374312478897e-01
2.751100000000000212e-01,5.759987246078830392e-01
2.757399999999999851e-01,8.629557197822257386e-02
2.761899999999999911e-01,1.454174934357655158e-01
2.765599999999999725e-01,7.286400481382595551e-01
2.776399999999999979e-01,-1.761624658188162829e-01
2.778399999999999759e-01,1.433455453727217721e+00
2.792399999999999882e-01,1.686535530171451025e-01
2.797999999999999932e-01,-8.797970603672016221e-01
2.798700000000000077e-01,-7.512023606244235818e-01
2.804900000000000171e-01,-1.357365520921104407e-01
2.812200000000000255e-01,-4.070654874498481068e-01
2.819800000000000084e-01,-6.100277761536836429e-01
2.825599999999999778e-01,1.299569653641327038e-01
2.833300000000000263e-01,-2.848685822063724005e-01
2.839499999999999802e-01,-9.346402607292779718e-01
2.843399999999999817e-01,-1.403924907729423299e-01
2.843600000000000017e-01,-9.543682186893148733e-01
2.846799999999999886e-01,1.108811763127653727e+00
2.854700000000000015e-01,-1.410919827595789600e-01
2.857700000000000240e-01,-3.605836597871212579e-01
2.865500000000000269e-01,-4.659074435885854903e-01
2.872299999999999853e-01,-7.070344172447753373e-01
2.874599999999999933e-01,-8.800518020890081283e-01
2.876299999999999968e-01,5.531809155899028996e-01
2.880599999999999827e-01,-2.437285752393442417e-01
2.883499999999999952e-01,-4.954267287789655694e-02
2.884300000000000197e-01,-6.480621427853172634e-02
2.888200000000000212e-01,8.114325611381887349e-01
2.888999999999999901e-01,-7.779179935423408132e-02
2.889599999999999946e-01,-5.045605938782381505e-01
2.889900000000000246e-01,-2.140903815080810180e-01
2.895199999999999996e-01,8.222311911987182365e-01
2.899800000000000155e-01,-1.708798776675205799e-01
2.900099999999999900e-01,-1.135728468724794965e-01
2.903600000000000070e-01,5.617067180477996330e-02
2.911400000000000099e-01,-1.349874119585021903e+00
2.918600000000000083e-01,-1.200614806501638376e-01
2.919900000000000273e-01,-1.490348236260738424e-01
2.920800000000000063e-01,-7.721854248289358735e-02
2.920800000000000063e-01,-1.247825497632822023e+00
2.924100000000000033e-01,-6.680554441662956977e-01
2.924599999999999977e-01,-4.265066512263018805e-01
2.928000000000000047e-01,-2.764790773554182124e-01
2.929100000000000037e-01,1.565790475988327046e-01
2.935400000000000231e-01,2.768828307611332917e-01
2.949600000000000000e-01,-2.895769437400446122e-01
2.956799999999999984e-01,6.576368525025554357e-01
2.957600000000000229e-01,1.084696453905654057e+00
2.963899999999999868e-01,4.628000181288509651e-01
2.968299999999999828e-01,-8.320592710968613970e-01
2.968700000000000228e-01,-3.702073626312418209e-01
2.984200000000000186e-01,1.843630140790518901e+00
2.984499999999999931e-01,-6.881378980351062769e-01
2.988799999999999790e-01,2.910153228662519798e-01
2.992299999999999960e-01,4.773472240595641458e-01
2.993600000000000150e-01,-6.209477451147930038e-01
2.994700000000000140e-01,8.730334334219183035e-01
3.000700000000000034e-01,6.484630569154030688e-01
3.002199999999999869e-01,9.324734509767484969e-02
3.007799999999999918e-01,1.057909923697196719e+00
3.014100000000000112e-01,1.175781217115891231e+00
3.014999999999999902e-01,-4.476268748240162798e-02
3.025399999999999756e-01,6.100996733212079443e-02
3.029600000000000071e-01,-2.138897643102418145e-01
3.033899999999999930e-01,2.645062650432792872e-01
3.035399999999999765e-01,9.814493248479193577e-01
3.039499999999999980e-01,-9.977898213480406175e-01
3.039600000000000080e-01,-7.582326012175092389e-01
3.047699999999999854e-01,5.529902337562300763e-02
3.047799999999999954e-01,6.052921840864523562e-01
3.051900000000000168e-01,-9.947363333665532048e-01
3.052500000000000213e-01,5.537748144642806736e-02
3.055100000000000038e-01,4.596386092658131806e-01
3.056800000000000073e-01,2.633948559893299901e-01
3.064100000000000157e-01,-5.744152167965288491e-02
3.066800000000000082e-01,1.046938233657792150e+00
3.069700000000000206e-01,3.015655037124582716e-01
3.080499999999999905e-01,2.011882277985521217e+00
3.082199999999999940e-01,1.223316774843379307e-01
3.088099999999999734e-01,4.487173009440420524e-01
3.091499999999999804e-01,4.637616320875149190e-01
3.093000000000000194e-01,1.654049460476268996e-01
3.093899999999999983e-01,2.862355083433695824e-01
3.095499999999999918e-01,-8.282284873602689945e-01
3.104299999999999837e-01,-9.524123996000204428e-01
3.105299999999999727e-01,2.497014954134691156e-01
3.107699999999999907e-01,5.647582041071357306e-01
3.115200000000000191e-01,4.473359129989574190e-01
3.118500000000000161e-01,4.084589566885928336e-01
3.119500000000000051e-01,-1.277200085782523482e-02
3.125200000000000200e-01,-2.833485863028452692e-03
3.125800000000000245e-01,2.783600380224406368e-01
3.125899999999999790e-01,-1.617776471612289324e+00
3.128699999999999815e-01,2.937135209635081123e-01
3.129399999999999959e-01,2.591132945162972767e-01
3.137699999999999934e-01,2.605453629317701081e-01
3.144399999999999973e-01,9.814441990161371088e-01
3.149500000000000077e-01,1.890121514129151081e-01
3.150899999999999812e-01,-4.262370455524838175e-01
3.157699999999999951e-01,9.448455335188995496e-01
3.158199999999999896e-01,-2.207931206394927182e-01
3.161300000000000221e-01,7.741154477545550971e-01
3.177300000000000124e-01,3.849065239504635971e-01
3.179500000000000104e-01,4.609341416735245334e-01
3.181300000000000239e-01,1.195769588709598985e-01
3.183900000000000063e-01,1.009082313205905912e+00
3.189199999999999813e-01,-5.575528025489656647e-01
3.189299999999999913e-01,7.494042660263057209e-01
3.208900000000000086e-01,1.004679057272060749e+00
3.209500000000000131e-01,-4.419152509856655309e-01
3.210799999999999765e-01,5.703959745350432042e-01
3.221399999999999819e-01,-1.535141438838096395e+00
3.221399999999999819e-01,-1.075948306487763295e+00
3.221399999999999819e-01,-1.121255278837178793e+00
3.226499999999999924e-01,-4.972743739472216817e-01
3.245399999999999952e-01,1.442809842614210525e-01
3.253499999999999726e-01,8.764140812998238994e-01
3.255000000000000115e-01,7.968366201878995803e-01
3.256999999999999895e-01,3.807101049325294917e-01
3.257300000000000195e-01,-9.211975862839656692e-02
3.262200000000000100e-01,-9.055166192262789626e-02
3.279400000000000093e-01,-4.519621017381258987e-01
3.282900000000000262e-01,7.371387901104932139e-01
3.283800000000000052e-01,9.679423346254374394e-01
3.284299999999999997e-01,-4.992999203175648715e-01
3.285899999999999932e-01,1.189966115063263996e-01
3.286000000000000032e-01,-6.990283130181415006e-01
3.286999999999999922e-01,-8.031519970329487057e-02
3.291000000000000036e-01,-1.825387286605381632e-01
3.293099999999999916e-01,1.038564526272685251e+00
3.294300000000000006e-01,9.220489448882170924e-01
3.296000000000000041e-01,1.091667848104637129e-01
3.298499999999999766e-01,-1.182365576536902996e+00
3.304799999999999960e-01,3.270182224007702754e-01
3.305199999999999805e-01,3.086093472993802767e-01
3.305500000000000105e-01,1.008974065889772342e+00
3.307999999999999829e-01,2.459136347502157705e-01
3.307999999999999829e-01,-4.891120992329766048e-01
3.309400000000000119e-01,-6.635294744770927622e-01
3.313699999999999979e-01,4.534459415889000589e-01
3.315400000000000014e-01,-3.440511404353563396e-01
3.315500000000000114e-01,-2.539918839524192562e-02
3.317899999999999738e-01,-6.412495242904774351e-01
3.323999999999999733e-01,-8.469665767301053361e-01
3.328999999999999737e-01,1.062348879845928629e+00
3.335299999999999931e-01,-8.309846439045956989e-01
3.335299999999999931e-01,-4.758799079704766899e-01
3.343900000000000206e-01,-2.758091398894329041e-02
3.348999999999999755e-01,-6.146815862396101116e-01
3.351299999999999835e-01,-6.085178582087810151e-01
3.366299999999999848e-01,-5.809183378630641270e-01
3.373900000000000232e-01,-5.884932110864706800e-01
3.375199999999999867e-01,6.249526402457166591e-02
3.375299999999999967e-01,-1.567404093722247690e-02
3.377999999999999892e-01,5.231567362438467594e-03
3.382499999999999951e-01,-5.128607203971002892e-02
3.385099999999999776e-01,-2.228989987351175095e-01
3.390000000000000235e-01,-2.971017249557335593e-01
3.405099999999999794e-01,5.547305279177329462e-03
3.408999999999999808e-01,-6.012407902021256190e-01
3.410099999999999798e-01,-4.399604969374565355e-01
3.417600000000000082e-01,9.445287329054929959e-02
3.444800000000000084e-01,6.965740059071841017e-01
3.444999999999999729e-01,2.986554862586056625e-01
3.447899999999999854e-01,1.697047931224736628e-01
3.454699999999999993e-01,-2.538309853489704657e-02
3.459400000000000253e-01,8.722515621672690678e-01
3.468600000000000017e-01,5.319656529904525089e-01
3.470400000000000151e-01,-4.224785245195067374e-01
3.487199999999999744e-01,6.377502491930127082e-01
3.489900000000000224e-01,9.544263178756146049e-02
3.491799999999999904e-01,2.225898700959697829e-01
3.492000000000000104e-01,-6.057667513454612074e-01
3.494599999999999929e-01,-2.067868432399407042e-01
3.495199999999999974e-01,-4.178144637103166081e-01
3.495599999999999818e-01,7.974676993867388930e-01
3.495699999999999918e-01,-1.033770401421986396e+00
3.495699999999999918e-01,8.632358778763294938e-01
3.501699999999999813e-01,-3.849763877568401216e-01
3.506600000000000272e-01,-7.744963867007136071e-02
3.508700000000000152e-01,3.006698303342657252e-02
3.515599999999999836e-01,5.827654618923676644e-01
3.515699999999999936e-01,1.080694417716675071e+00
3.536099999999999799e-01,5.088557327394961360e-01
3.552699999999999747e-01,8.286195675285747964e-01
3.576699999999999879e-01,2.071058029361315944e-01
3.579100000000000059e-01,2.567608823962874709e-01
3.583299999999999819e-01,-2.745596300885815300e-01
3.585800000000000098e-01,-5.362362596559733241e-01
3.589700000000000113e-01,7.993517781498081787e-01
3.590099999999999958e-01,-5.012023614604621535e-01
3.594899999999999762e-01,7.218774846330130446e-01
3.600499999999999812e-01,-6.629810903543307266e-01
3.602299999999999947e-01,-1.024377262275219858e+00
3.608100000000000196e-01,5.757109335272768691e-01
3.613799999999999790e-01,-7.193262493067440477e-01
3.627199999999999869e-01,-4.155567810957626618e-01
3.632600000000000273e-01,1.290639852224084172e-01
3.649100000000000121e-01,3.939642796857864560e-01
3.661300000000000110e-01,-9.733764901283084026e-01
3.664799999999999724e-01,-8.090020433378249942e-01
3.670499999999999874e-01,-1.012244765955742087e+00
3.678000000000000158e-01,-6.344699317894431090e-01
3.679100000000000148e-01,6.401802380588772490e-01
3.684399999999999897e-01,5.223525288336430261e-01
3.686200000000000032e-01,2.592785419929828916e-01
3.695200000000000151e-01,2.872976555644773944e-01
3.697699999999999876e-01,-6.383793542333238147e-01
3.701200000000000045e-01,-2.287433814290604564e-02
3.704600000000000115e-01,9.876038935419467757e-01
3.705100000000000060e-01,-1.932827744892407287e-02
3.705300000000000260e-01,-4.020088333688748850e-01
3.705300000000000260e-01,-2.331400684596745876e+00
3.705899999999999750e-01,-6.763846488833327730e-02
3.708699999999999775e-01,5.362137334025897373e-02
3.714299999999999824e-01,-3.491445496382716840e-01
3.714999999999999969e-01,2.159902668204409792e-01
3.715999999999999859e-01,-8.277739756149027350e-02
3.735100000000000087e-01,-7.177009468141979376e-01
3.742599999999999816e-01,2.564855730008220314e-01
3.767800000000000038e-01,-8.753878027042358290e-02
3.779799999999999827e-01,-3.464916638114695635e-01
3.785899999999999821e-01,-7.748490894853549138e-02
3.798599999999999755e-01,-6.995965883310164557e-01
3.798900000000000055e-01,-2.109683041856466879e-01
3.805200000000000249e-01,3.843479266271154077e-02
3.808300000000000018e-01,-2.554305703849500675e-02
3.813099999999999823e-01,-2.229690317842106251e-02
3.815999999999999948e-01,9.868950733211850901e-01
3.817400000000000237e-01,4.986447947505148193e-01
3.825000000000000067e-01,-3.574414854609851977e-01
3.828400000000000136e-01,-4.930004277669675639e-01
3.839400000000000035e-01,2.043548299713174587e-01
3.859400000000000053e-01,2.071590286037647000e-01
3.867700000000000027e-01,-4.304254265832824222e-01
3.873500000000000276e-01,2.092301664194430866e-01
3.877200000000000091e-01,4.518819037348902334e-01
3.888599999999999834e-01,-6.333274869559090137e-01
3.895100000000000229e-01,1.578954036165147734e-01
3.926200000000000245e-01,-2.517574687490975460e-01
3.951200000000000268e-01,-4.047969373956171180e-01
3.969799999999999995e-01,-1.798589883343313600e+00
3.994599999999999818e-01,4.651154239973930848e-01
4.004800000000000026e-01,-5.857408219445503494e-01
4.021199999999999775e-01,-5.788217312948137350e-01
4.028599999999999959e-01,-1.786768488525259657e-01
4.036100000000000243e-01,5.404921559500876216e-02
4.045400000000000107e-01,3.876782393980517938e-01
4.047200000000000242e-01,-1.357029133453616643e+00
4.054699999999999971e-01,1.213867415659898530e+00
4.064800000000000080e-01,4.077715115911750843e-01
4.089999999999999747e-01,2.575812179238806676e-01
4.091099999999999737e-01,2.789396286138530190e-01
4.092700000000000227e-01,2.401715673858325906e-01
4.094700000000000006e-01,2.153777455892819659e-01
4.099499999999999811e-01,1.403306537265952003e-01
4.111400000000000055e-01,3.228163530502887318e-02
4.113100000000000089e-01,7.446527894742177578e-01
4.115199999999999969e-01,1.066377727484602023e+00
4.125800000000000023e-01,3.895960346360768378e-01
4.166400000000000103e-01,2.930950948194955274e-01
4.186400000000000121e-01,-3.990203552457927128e-01
4.192699999999999760e-01,-8.097963965924941110e-02
4.193100000000000160e-01,-1.085794004832727921e+00
4.195599999999999885e-01,4.005424638965582318e-01
4.196199999999999930e-01,7.219452465855746848e-01
4.199700000000000100e-01,-9.061142384544014217e-01
4.202699999999999769e-01,3.669372167592880873e-01
4.208500000000000019e-01,6.580482010144743377e-02
4.208999999999999964e-01,-5.330485379516051170e-01
4.219899999999999762e-01,-6.826611401357716158e-01
4.224200000000000177e-01,-1.506318095163885484e-01
4.224499999999999922e-01,-3.149389116552959167e-01
4.234899999999999776e-01,2.812222370967392693e-01
4.235499999999999821e-01,-7.102931906420240082e-01
4.239200000000000190e-01,-2.821185087070381126e-02
4.245099999999999985e-01,7.427878746712500424e-02
4.256199999999999983e-01,-1.870153392104168810e-01
4.259399999999999853e-01,5.309520123756025084e-02
4.268899999999999917e-01,2.827263640107674503e-01
4.269399999999999862e-01,4.356309155770510810e-01
4.278399999999999981e-01,2.187208159148809283e+00
4.286499999999999755e-01,3.068645757451665124e-01
4.288799999999999835e-01,-5.984780446937173481e-01
4.289499999999999980e-01,2.637471232167845070e-01
4.296699999999999964e-01,7.933019243945050869e-01
4.301300000000000123e-01,4.094571812819276513e-01
4.348699999999999788e-01,-7.012669840685452349e-02
4.354399999999999937e-01,-1.609784968188594290e+00
4.367300000000000071e-01,1.091565235676711376e+00
4.376499999999999835e-01,-1.124141824164584413e+00
4.377400000000000180e-01,1.944823009077876752e-01
4.388299999999999979e-01,-1.662406633383053167e+00
4.388299999999999979e-01,-5.386118299716814439e-01
4.392599999999999838e-01,2.312969465503387709e-02
4.400399999999999867e-01,7.106030871235836655e-01
4.405899999999999817e-01,-1.204215643856338724e+00
4.415399999999999880e-01,-8.309002424847086177e-01
4.424600000000000199e-01,7.006248341026190263e-02
4.425399999999999889e-01,4.527437719767894997e-01
4.436800000000000188e-01,-2.978531068179787189e-01
4.438400000000000123e-01,-1.422528323101548420e-01
4.475600000000000134e-01,-6.472725522322125835e-02
4.489000000000000212e-01,3.562673788453234874e-02
4.489600000000000257e-01,5.089690738354166744e-01
4.506000000000000005e-01,-1.538103935476768713e+00
4.510000000000000120e-01,1.812096073124634943e-01
4.515500000000000069e-01,-5.775186100242080123e-01
4.516899999999999804e-01,-1.349766797264518647e+00
4.516899999999999804e-01,6.394690321147387113e-01
4.522300000000000209e-01,3.107250785666734183e-01
4.533300000000000107e-01,-5.169140021375875360e-01
4.534699999999999842e-01,-1.193782913465140233e-01
4.546299999999999786e-01,-5.868550107402508154e-01
4.547800000000000176e-01,-9.516801962846177521e-02
4.587800000000000211e-01,1.362824019353869320e-01
4.605500000000000149e-01,3.070592366966303222e-01
4.609800000000000009e-01,3.054143674397609698e-01
4.615600000000000258e-01,2.511981812888028909e-01
4.664099999999999913e-01,9.238061989655323991e-01
4.666000000000000147e-01,5.211046097100852093e-01
4.683999999999999830e-01,-6.703389972726782331e-02
4.687999999999999945e-01,-9.666275666803287869e-01
4.703899999999999748e-01,5.365031380759893720e-01
4.705699999999999883e-01,7.991239656085985521e-02
4.717000000000000082e-01,-1.207386529042246970e-01
4.719599999999999906e-01,1.195358097093982136e-01
4.757199999999999762e-01,-5.037047986054854487e-01
4.779300000000000215e-01,8.222256155235990738e-01
4.794300000000000228e-01,-8.721366071364985428e-01
4.794800000000000173e-01,-1.853575799066523311e-01
4.798000000000000043e-01,-6.463970023873027992e-01
4.805599999999999872e-01,-3.074771279941995727e-01
4.807100000000000262e-01,-5.704280041855707140e-01
4.817100000000000271e-01,1.166048038157919908e+00
4.888100000000000223e-01,-6.657644895394973505e-02
4.924600000000000088e-01,4.815615474220415471e-01
4.950100000000000056e-01,-2.913573885986393552e-01
4.955999999999999850e-01,9.951217760096596476e-02
4.957199999999999940e-01,-3.390504639251143981e-01
4.973699999999999788e-01,-6.958534263325701075e-02
5.007300000000000084e-01,3.822067636596743201e-01
5.009000000000000119e-01,-1.567142410601339297e-01
5.027599999999999847e-01,-4.343992611319266728e-02
5.027599999999999847e-01,-3.202367483782940782e-01
5.030000000000000027e-01,-7.495768564187030303e-02
5.030900000000000372e-01,-1.215528019251541220e-01
5.059799999999999853e-01,-6.483038202760427193e-01
5.061700000000000088e-01,-5.520401398502239321e-01
5.071600000000000552e-01,2.358041647512226779e-01
5.073699999999999877e-01,1.651496800126557307e-01
5.081700000000000106e-01,-9.711506046367940348e-01
5.100599999999999579e-01,-7.855814994880429003e-01
5.108700000000000463e-01,-6.431443983135258780e-01
5.117500000000000382e-01,7.565966520035640741e-01
5.138000000000000345e-01,8.276152539719978940e-02
5.143499999999999739e-01,-1.945348259096013263e-02
5.147500000000000409e-01,2.336976902771525644e-01
5.171799999999999731e-01,-7.917783817712495953e-01
5.187599999999999989e-01,-2.277080980426431089e-01
5.187899999999999734e-01,-3.324776476719478180e-01
5.194299999999999473e-01,-3.643558354191941268e-02
5.195999999999999508e-01,1.749371080686573376e-01
5.227699999999999569e-01,2.834233318498307619e-01
5.239300000000000068e-01,-2.717311308189715446e-01
5.261299999999999866e-01,-5.304927712099986037e-01
5.285100000000000353e-01,-1.138061795159548417e+00
5.293900000000000272e-01,-9.525437480986773120e-02
5.309099999999999930e-01,-1.843724811995944624e+00
5.310500000000000220e-01,6.845202779957646477e-01
5.311700000000000310e-01,5.560629672575807536e-01
5.322599999999999554e-01,-1.516904778826154043e+00
5.327699999999999658e-01,-2.517954143314510840e-01
5.337699999999999667e-01,-5.890919720782128444e-01
5.343299999999999716e-01,-8.239768997170733300e-01
5.353200000000000180e-01,-6.479337083068124892e-02
5.357800000000000340e-01,-5.851962590223075411e-01
5.394400000000000306e-01,-8.162725810424738271e-02
5.408899999999999819e-01,-3.497926519975895210e-01
5.415400000000000214e-01,6.850694080750632242e-01
5.453999999999999959e-01,9.449902971645156580e-01
5.483200000000000296e-01,-1.026545441163253747e+00
5.488600000000000145e-01,-6.060783111287610936e-01
5.501099999999999879e-01,-4.062392878239561855e-01
5.503099999999999659e-01,-1.584190591023942329e-01
5.504799999999999693e-01,1.001960715814252494e-02
5.525999999999999801e-01,-9.128338562989288807e-01
5.537999999999999590e-01,3.266698756058488695e-01
5.538899999999999935e-01,-1.916816044813416386e+00
5.577499999999999680e-01,-1.028365815135063623e-02
5.587499999999999689e-01,7.500932501653473361e-01
5.587499999999999689e-01,-4.157299866979864422e-01
5.617400000000000171e-01,-7.279213322697152266e-01
5.626299999999999635e-01,5.199736935601878551e-01
5.627600000000000380e-01,-1.477780221092457047e-01
5.643000000000000238e-01,8.029399655854689566e-02
5.643099999999999783e-01,-2.515163061626890517e-01
5.644099999999999673e-01,-3.579278682834544645e-01
5.647499999999999742e-01,7.150776699952497706e-02
5.688299999999999468e-01,-9.592572337754806666e-01
5.753500000000000281e-01,-7.308553129906515400e-01
5.758299999999999530e-01,3.149595938920337068e-01
5.760899999999999910e-01,-1.823125083326924412e-01
5.766099999999999559e-01,-6.090068016592842248e-01
5.774099999999999788e-01,3.899673132936358755e-01
5.782300000000000217e-01,-3.485261159890835625e-01
5.782899999999999707e-01,-4.824500538499893465e-01
5.787499999999999867e-01,-5.149960372150811372e-01
5.788400000000000212e-01,-2.726881221778180292e-02
5.795900000000000496e-01,-6.450490487646386439e-01
5.806000000000000050e-01,1.029709186302367185e-01
5.807299999999999685e-01,6.652584102228805696e-01
5.829400000000000137e-01,-9.348958559293034376e-02
5.832800000000000207e-01,1.285509396543488503e+00
5.837499999999999911e-01,-4.214281320272026399e-01
5.837499999999999911e-01,4.803867659697582115e-01
5.838200000000000056e-01,-7.050334282557968457e-01
5.857499999999999929e-01,3.697040336540176608e-01
5.872800000000000242e-01,2.371506586273412764e-01
5.887299999999999756e-01,-3.650118705938095731e-01
5.902800000000000269e-01,-2.969085629252677383e-01
5.918400000000000327e-01,-5.684672568448895236e-01
6.006000000000000227e-01,-8.312755783012826249e-02
6.014899999999999691e-01,2.977212810642054786e-01
6.032699999999999729e-01,5.191246886641357472e-01
6.061999999999999611e-01,-1.575751047901551294e-01
6.082600000000000229e-01,-3.400127579300030733e-01
6.087299999999999933e-01,-2.261469376305582091e-01
6.088000000000000078e-01,-6.913131636518207168e-01
6.098700000000000232e-01,3.919834464196279844e-02
6.106399999999999606e-01,-5.272043201710341354e-02
6.112499999999999600e-01,9.042245465608795829e-01
6.117099999999999760e-01,1.099933043336800559e-01
6.157099999999999795e-01,2.436049389616694663e-02
6.186899999999999622e-01,9.435209874678779016e-03
6.194199999999999706e-01,-7.639747468196124436e-02
6.198799999999999866e-01,2.448372682143950541e-01
6.206300000000000150e-01,-8.265705267654216426e-02
6.218799999999999883e-01,-4.965264907638988756e-01
6.252299999999999525e-01,-3.843117773253550418e-01
6.272299999999999542e-01,-6.711390409966434545e-01
6.307099999999999929e-01,-4.936691793036693809e-01
6.318899999999999517e-01,-1.398265503334185977e+00
6.322299999999999587e-01,2.460014703016501769e-01
6.339200000000000390e-01,-1.216085484258142335e+00
6.377099999999999991e-01,-5.929348521031587715e-01
6.378700000000000481e-01,2.272731592159906167e-01
6.382299999999999640e-01,-3.677245262411487081e-01
6.386600000000000055e-01,-6.083861186732966025e-02
6.393600000000000394e-01,-5.355381768940774972e-02
6.419000000000000261e-01,1.477179370206118114e-01
6.430500000000000105e-01,-1.111852439713107765e+00
6.436300000000000354e-01,-4.212911318333299043e-02
6.436399999999999899e-01,-5.672578202304768419e-02
6.476300000000000390e-01,-4.874120102775646862e-02
6.484600000000000364e-01,7.462897149528551211e-01
6.486300000000000399e-01,-3.335434291738551549e-01
6.496399999999999952e-01,-4.059955437889516960e-01
6.620700000000000474e-01,3.148994478677188402e-01
6.646300000000000541e-01,-1.349698935533039101e-01
6.706499999999999684e-01,5.186501352531016629e-01
6.776699999999999946e-01,8.737393214969436661e-01
6.819499999999999451e-01,-5.502009595266141861e-01
6.836499999999999799e-01,4.800251775158209666e-01
6.851699999999999458e-01,9.518660882587388905e-02
6.886700000000000044e-01,-8.013383553267511283e-01
6.893700000000000383e-01,-9.210599514071611260e-01
6.893700000000000383e-01,1.709815082775005268e-01
6.906499999999999861e-01,-2.078105870233672159e-01
6.931599999999999984e-01,-3.024519227682158640e-01
6.971600000000000019e-01,-2.745183750363974773e-01
6.981600000000000028e-01,-1.875423579507859984e-01
6.991600000000000037e-01,-2.806104949569346307e-01
6.991600000000000037e-01,1.575333100647220430e-01
6.993300000000000072e-01,4.803207797493848075e-01
6.999699999999999811e-01,2.588591872863447163e-01
7.006400000000000405e-01,-5.545334163563313545e-01
7.011500000000000510e-01,2.068449885973081825e-01
7.019699999999999829e-01,-3.232773494464111219e-01
7.019800000000000484e-01,-9.979358500287003469e-03
7.156500000000000083e-01,-4.166086735586164713e-01
7.186700000000000310e-01,-1.242404031160492917e+00
7.196200000000000374e-01,2.556650038128181479e-01
7.196399999999999464e-01,-4.136961224204526166e-01
7.201300000000000479e-01,1.966593731770273079e-01
7.206700000000000328e-01,-2.276236161913328948e-01
7.266700000000000381e-01,-2.263773938944490527e-01
7.276700000000000390e-01,-5.171969463057243255e-01
7.286099999999999799e-01,-4.916671027499023294e-01
7.301199999999999912e-01,-7.183216403669439032e-01
7.316300000000000026e-01,1.250071684112871728e-01
7.336200000000000498e-01,-9.088380051545524863e-01
7.339999999999999858e-01,1.444401830860410907e-01
7.350100000000000522e-01,3.835027222577364614e-01
7.356200000000000516e-01,4.255734100921843704e-02
7.360200000000000076e-01,-8.689996476011280918e-03
7.366800000000000015e-01,-8.449641458648390335e-01
7.420200000000000129e-01,8.875567017344219156e-01
7.426899999999999613e-01,-3.441926525936265802e-01
7.456599999999999895e-01,-1.956898494352743711e-01
7.461299999999999599e-01,-8.858656598551615247e-01
7.490999999999999881e-01,-1.060241015501248496e+00
7.493199999999999861e-01,-2.541236002787432002e-01
7.506800000000000139e-01,-1.011209762629531106e+00
7.590400000000000480e-01,-2.560354172714262092e-02
7.606899999999999773e-01,-9.541191468663791087e-01
7.610799999999999788e-01,-3.519944165680858883e-01
7.615899999999999892e-01,-5.451632962503437652e-01
7.655999999999999472e-01,-1.721434964689003422e-01
7.665999999999999481e-01,5.725420051877943006e-01
7.666800000000000281e-01,3.065726597270642118e-01
7.670700000000000296e-01,1.080697355516171188e+00
7.685999999999999499e-01,2.185546186937088742e-02
7.693299999999999583e-01,-4.412433451615190849e-01
7.730799999999999894e-01,1.873441399009680708e-01
7.793099999999999472e-01,-9.107693268211793924e-01
7.880599999999999827e-01,-2.081174178380727491e-01
7.890500000000000291e-01,1.027769704476589330e-01
7.892900000000000471e-01,-9.491318619622781672e-01
7.965600000000000458e-01,-1.285698611316936635e+00
7.985799999999999566e-01,1.598668070313677969e-01
8.397299999999999764e-01,-7.618810037309252658e-01
8.397299999999999764e-01,-8.201378536494449145e-01
8.547400000000000553e-01,1.607820022804444526e-01
9.357699999999999907e-01,-1.154419791501564152e+00
9.742399999999999949e-01,9.599010813061185088e-01
1.012359999999999927e+00,2.655900184143338838e-01
1.019800000000000040e+00,1.044366274882239543e+00
1.020809999999999995e+00,-1.510508249613382870e-01
1.027809999999999890e+00,1.346165737461049616e+00
1.048189999999999955e+00,6.337082637485920156e-01
1.120849999999999902e+00,6.623173730985381091e-01
1.232229999999999936e+00,-3.686578259791899459e-01
1.235889999999999933e+00,1.283374618679319346e+00
1.299120000000000053e+00,6.429287314804740250e-01
1.304119999999999946e+00,7.337184308477145978e-02
1.306119999999999948e+00,7.148564573911762032e-01
1.313109999999999999e+00,2.243067100900052735e-01
1.329110000000000014e+00,5.302720822292442682e-01
1.340929999999999955e+00,-5.768959767834608982e-02
1.351339999999999986e+00,-7.638071960828265450e-01
1.356100000000000083e+00,3.173493007778966507e-02
1.390959999999999974e+00,-2.010169405267927256e-01
1.416309999999999958e+00,-6.251750051036483180e-01
1.542950000000000044e+00,-1.515712721120790196e-01
1.549029999999999907e+00,5.821025264830094192e-01
1.614989999999999926e+00,-3.259642338388070715e-01
1.697019999999999973e+00,-2.987067467826430289e-01
1.801109999999999989e+00,-2.542766106800374293e-01
1.911599999999999966e+00,-8.166764901821460532e-01
2.261299999999999866e+00,7.998021599505798773e-02
